Order_ID,Order_Date,Customer_ID,Region,Channel,Product_Category,Product_Name,Quantity,Unit_Price,Discount_Pct,Gross_Revenue,Discount_Amount,Net_Revenue,Cost_per_Unit,Total_Cost,Profit,Profit_Margin_Pct
10001,2025-01-01,3175,West,In-Store,Home,Headphones,2,162.53,15,325.06,48.759,276.301,24.3,48.6,227.701,82.41048711369123
10002,2025-01-02,3196,North,In-Store,Home,Watch,5,10.4,20,52.0,10.4,41.6,33.71,168.55,-126.95000000000002,-305.1682692307692
10003,2025-01-03,3537,East,Online,Accessories,Watch,1,211.65,0,211.65,0.0,211.65,109.14,109.14,102.51,48.433734939759034
10004,2025-01-04,3502,North,In-Store,Clothing,Blender,4,63.72,10,254.88,25.488,229.392,82.99,331.96,-102.56799999999998,-44.71298040036269
10005,2025-01-05,3579,East,Online,Accessories,Watch,9,147.16,15,1324.44,198.666,1125.7740000000001,107.51,967.59,158.18400000000008,14.051132820619419
10006,2025-01-06,3211,East,Online,Clothing,Sneakers,2,94.38,5,188.76,9.438,179.322,91.88,183.76,-4.437999999999988,-2.4748775944948127
10007,2025-01-07,3919,South,Online,Clothing,Headphones,3,150.56,10,451.68,45.168000000000006,406.512,86.16,258.48,148.03199999999998,36.41516117605384
10008,2025-01-08,3615,East,Online,Home,T-shirt,1,73.82,0,73.82,0.0,73.82,31.93,31.93,41.88999999999999,56.74613925765375
10009,2025-01-09,3348,East,In-Store,Clothing,Blender,6,194.84,15,1169.04,175.356,993.684,129.73,778.3799999999999,215.3040000000001,21.667250353231015
10010,2025-01-10,3185,North,Online,Home,Jeans,8,187.47,5,1499.76,74.988,1424.772,117.06,936.48,488.2919999999999,34.27158871735267
10011,2025-01-11,3398,West,Online,Accessories,T-shirt,6,184.63,20,1107.78,221.556,886.2239999999999,114.62,687.72,198.5039999999999,22.398851757569183
10012,2025-01-12,3535,South,Online,Accessories,Jeans,3,55.41,15,166.23,24.934499999999996,141.2955,140.11,420.33000000000004,-279.03450000000004,-197.4829347006805
10013,2025-01-13,3584,North,In-Store,Accessories,Backpack,2,19.73,20,39.46,7.892,31.568,62.34,124.68,-93.11200000000001,-294.9569183983781
10014,2025-01-14,3345,South,In-Store,Electronics,Sneakers,8,55.59,0,444.72,0.0,444.72,66.17,529.36,-84.63999999999999,-19.032200035977688
10015,2025-01-15,3366,West,In-Store,Accessories,Jeans,7,138.84,20,971.88,194.376,777.504,73.31,513.1700000000001,264.33399999999995,33.997767214059344
10016,2025-01-16,3554,North,Online,Clothing,Sneakers,5,93.91,10,469.54999999999995,46.955,422.59499999999997,55.71,278.55,144.04499999999996,34.08582685549994
10017,2025-01-17,3730,South,Online,Electronics,Jeans,7,148.75,15,1041.25,156.1875,885.0625,79.13,553.91,331.15250000000003,37.41571922886802
10018,2025-01-18,3904,East,Online,Clothing,Watch,4,54.52,20,218.08,43.61600000000001,174.464,95.8,383.2,-208.736,-119.64416727806308
10019,2025-01-19,3167,South,Online,Clothing,Backpack,8,14.55,5,116.4,5.82,110.58000000000001,90.18,721.44,-610.86,-552.4145415084101
10020,2025-01-20,3998,South,Online,Home,T-shirt,3,26.48,15,79.44,11.915999999999999,67.524,30.58,91.74,-24.215999999999994,-35.862804336235996
10021,2025-01-21,3068,South,Online,Accessories,Watch,7,16.45,0,115.14999999999999,0.0,115.14999999999999,110.15,771.0500000000001,-655.9000000000001,-569.6048632218847
10022,2025-01-22,3432,North,Online,Accessories,Blender,3,136.85,10,410.54999999999995,41.055,369.49499999999995,15.24,45.72,323.775,87.62635488978201
10023,2025-01-23,3895,North,In-Store,Electronics,Blender,7,43.39,10,303.73,30.373000000000005,273.357,35.05,245.34999999999997,28.007000000000062,10.245576297662053
10024,2025-01-24,3391,North,In-Store,Accessories,Jeans,6,213.46,0,1280.76,0.0,1280.76,62.52,375.12,905.64,70.71114026047034
10025,2025-01-25,3940,East,In-Store,Home,Headphones,3,133.8,15,401.40000000000003,60.21,341.19000000000005,124.88,374.64,-33.44999999999993,-9.80392156862743
10026,2025-01-26,3512,North,Online,Clothing,Blender,5,124.51,0,622.5500000000001,0.0,622.5500000000001,41.55,207.75,414.80000000000007,66.62918641073007
10027,2025-01-27,3075,East,Online,Electronics,Jeans,8,19.4,0,155.2,0.0,155.2,124.98,999.84,-844.6400000000001,-544.2268041237114
10028,2025-01-28,3823,South,In-Store,Electronics,Blender,4,223.15,10,892.6,89.26,803.34,89.19,356.76,446.58000000000004,55.59041003809098
10029,2025-01-29,3250,West,Online,Clothing,Backpack,4,96.56,5,386.24,19.312,366.928,106.37,425.48,-58.55200000000002,-15.9573540313086
10030,2025-01-30,3006,West,Online,Accessories,Sneakers,8,242.64,15,1941.12,291.16799999999995,1649.952,47.97,383.76,1266.192,76.74114156048176
10031,2025-01-31,3787,West,Online,Electronics,T-shirt,7,67.45,0,472.15000000000003,0.0,472.15000000000003,145.8,1020.6000000000001,-548.45,-116.1601186063751
10032,2025-02-01,3444,South,In-Store,Home,Headphones,1,220.99,10,220.99,22.099000000000004,198.89100000000002,99.39,99.39,99.50100000000002,50.02790473173749
10033,2025-02-02,3044,East,Online,Clothing,Blender,1,16.01,10,16.01,1.6010000000000002,14.409,16.67,16.67,-2.261000000000001,-15.691581650357422
10034,2025-02-03,3703,East,In-Store,Home,Headphones,8,150.65,10,1205.2,120.52000000000001,1084.68,121.92,975.36,109.32000000000005,10.078548512003545
10035,2025-02-04,3325,East,In-Store,Accessories,Blender,3,64.24,15,192.71999999999997,28.907999999999994,163.81199999999998,72.76,218.28000000000003,-54.468000000000046,-33.250311332503145
10036,2025-02-05,3824,East,In-Store,Electronics,Headphones,7,241.53,0,1690.71,0.0,1690.71,126.04,882.2800000000001,808.43,47.816006293214095
10037,2025-02-06,3152,North,Online,Electronics,T-shirt,1,172.55,0,172.55,0.0,172.55,106.58,106.58,65.97000000000001,38.2323964068386
10038,2025-02-07,3183,West,In-Store,Electronics,Watch,1,95.42,0,95.42,0.0,95.42,145.1,145.1,-49.67999999999999,-52.064556696709275
10039,2025-02-08,3949,East,Online,Accessories,Blender,5,49.03,5,245.15,12.2575,232.8925,136.83,684.1500000000001,-451.25750000000005,-193.7621434782142
10040,2025-02-09,3112,North,Online,Home,Watch,8,237.55,0,1900.4,0.0,1900.4,101.64,813.12,1087.2800000000002,57.21321826983794
10041,2025-02-10,3763,South,Online,Home,T-shirt,9,124.49,15,1120.4099999999999,168.06149999999997,952.3484999999998,115.99,1043.9099999999999,-91.56150000000002,-9.614285106765017
10042,2025-02-11,3189,South,In-Store,Accessories,Headphones,1,235.01,20,235.01,47.002,188.00799999999998,13.71,13.71,174.29799999999997,92.70775711671844
10043,2025-02-12,3960,East,Online,Clothing,Backpack,3,17.63,0,52.89,0.0,52.89,120.26,360.78000000000003,-307.89000000000004,-582.1327283040273
10044,2025-02-13,3290,West,In-Store,Accessories,T-shirt,2,181.06,15,362.12,54.318,307.802,111.61,223.22,84.58200000000002,27.479353610437883
10045,2025-02-14,3312,South,Online,Accessories,Sneakers,5,158.69,0,793.45,0.0,793.45,141.78,708.9,84.55000000000007,10.655995966979653
10046,2025-02-15,3201,North,In-Store,Electronics,Backpack,6,137.56,15,825.36,123.804,701.556,114.49,686.9399999999999,14.6160000000001,2.083368968407383
10047,2025-02-16,3462,West,In-Store,Electronics,Sneakers,2,118.3,10,236.6,23.66,212.94,94.46,188.92,24.02000000000001,11.280172818634362
10048,2025-02-17,3550,East,Online,Electronics,Headphones,1,245.1,10,245.1,24.51,220.59,117.87,117.87,102.72,46.566027471780224
10049,2025-02-18,3772,South,Online,Home,Blender,6,225.09,5,1350.54,67.527,1283.013,92.35,554.0999999999999,728.913,56.812596598787394
10050,2025-02-19,3494,East,In-Store,Electronics,Backpack,1,57.3,5,57.3,2.865,54.434999999999995,74.99,74.99,-20.555,-37.76063194635804
10051,2025-02-20,3137,North,Online,Electronics,Sneakers,7,169.17,5,1184.1899999999998,59.20949999999999,1124.9805,147.07,1029.49,95.49049999999988,8.48819157309837
10052,2025-02-21,3855,South,Online,Clothing,T-shirt,7,235.75,10,1650.25,165.025,1485.225,76.66,536.62,948.6049999999999,63.869447390126076
10053,2025-02-22,3483,West,In-Store,Clothing,Blender,6,104.09,20,624.54,124.908,499.63199999999995,19.65,117.89999999999999,381.73199999999997,76.40263233740033
10054,2025-02-23,3195,East,Online,Home,T-shirt,7,133.44,20,934.0799999999999,186.816,747.2639999999999,11.62,81.33999999999999,665.9239999999999,89.11495803357313
10055,2025-02-24,3072,West,Online,Clothing,Jeans,2,147.02,15,294.04,44.106,249.93400000000003,58.49,116.98,132.954,53.195643649923575
10056,2025-02-25,3851,East,Online,Home,Sneakers,9,230.04,10,2070.36,207.03600000000003,1863.324,71.16,640.4399999999999,1222.884,65.62916594215498
10057,2025-02-26,3944,East,In-Store,Accessories,Sneakers,6,69.81,5,418.86,20.943,397.91700000000003,85.66,513.96,-116.043,-29.162614314040365
10058,2025-02-27,3257,North,Online,Clothing,Sneakers,8,183.72,0,1469.76,0.0,1469.76,15.1,120.8,1348.96,91.78097104289135
10059,2025-02-28,3704,West,In-Store,Clothing,Blender,4,84.23,0,336.92,0.0,336.92,84.81,339.24,-2.319999999999993,-0.688590763385965
10060,2025-03-01,3400,North,In-Store,Clothing,Headphones,6,135.97,15,815.8199999999999,122.37299999999999,693.4469999999999,143.99,863.94,-170.49300000000017,-24.586305802750637
10061,2025-03-02,3374,North,Online,Clothing,Backpack,9,171.9,10,1547.1000000000001,154.71000000000004,1392.39,114.0,1026.0,366.3900000000001,26.31374830327711
10062,2025-03-03,3927,West,In-Store,Electronics,Sneakers,8,106.78,0,854.24,0.0,854.24,106.99,855.92,-1.67999999999995,-0.1966660423300185
10063,2025-03-04,3349,East,In-Store,Accessories,Jeans,1,55.42,15,55.42,8.313,47.107,79.71,79.71,-32.602999999999994,-69.21052072940326
10064,2025-03-05,3940,East,Online,Electronics,T-shirt,6,69.5,0,417.0,0.0,417.0,133.23,799.3799999999999,-382.3799999999999,-91.69784172661868
10065,2025-03-06,3604,North,Online,Electronics,Headphones,1,170.57,10,170.57,17.057,153.513,18.18,18.18,135.333,88.15735475171483
10066,2025-03-07,3764,East,Online,Accessories,Sneakers,5,27.83,10,139.14999999999998,13.915,125.23499999999999,117.73,588.65,-463.41499999999996,-370.0363316964108
10067,2025-03-08,3583,West,In-Store,Electronics,Backpack,7,39.97,5,279.78999999999996,13.9895,265.80049999999994,108.42,758.94,-493.1395000000001,-185.52993692637907
10068,2025-03-09,3279,North,Online,Clothing,Backpack,9,55.79,5,502.11,25.105500000000003,477.0045,59.85,538.65,-61.64549999999997,-12.923462986198237
10069,2025-03-10,3522,East,Online,Electronics,Jeans,2,178.92,10,357.84,35.784,322.056,76.13,152.26,169.796,52.72250788682714
10070,2025-03-11,3745,North,In-Store,Electronics,Blender,9,165.76,0,1491.84,0.0,1491.84,27.04,243.35999999999999,1248.48,83.68725868725869
10071,2025-03-12,3803,South,Online,Accessories,Sneakers,6,203.3,15,1219.8000000000002,182.97000000000003,1036.8300000000002,5.9,35.400000000000006,1001.4300000000002,96.5857469401927
10072,2025-03-13,3448,North,In-Store,Clothing,Watch,9,236.67,0,2130.0299999999997,0.0,2130.0299999999997,53.68,483.12,1646.9099999999999,77.31862931508007
10073,2025-03-14,3317,North,Online,Home,Blender,2,158.14,10,316.28,31.628,284.652,54.02,108.04,176.61199999999997,62.04488287452749
10074,2025-03-15,3391,North,In-Store,Clothing,Backpack,3,201.41,10,604.23,60.423,543.807,80.48,241.44,302.367,55.60189552543457
10075,2025-03-16,3151,South,In-Store,Accessories,Headphones,2,208.14,15,416.28,62.44199999999999,353.83799999999997,55.15,110.3,243.53799999999995,68.82754254771956
10076,2025-03-17,3092,West,In-Store,Accessories,T-shirt,4,145.72,20,582.88,116.57600000000001,466.304,133.95,535.8,-69.49599999999998,-14.903582212462252
10077,2025-03-18,3759,North,Online,Clothing,Headphones,8,103.05,20,824.4,164.88,659.52,25.93,207.44,452.08,68.5468219311014
10078,2025-03-19,3224,North,Online,Home,Jeans,4,205.71,5,822.84,41.142,781.698,124.47,497.88,283.818,36.30788360722427
10079,2025-03-20,3661,South,Online,Electronics,Watch,5,93.31,0,466.55,0.0,466.55,83.93,419.65000000000003,46.89999999999998,10.052513128282065
10080,2025-03-21,3356,South,In-Store,Electronics,Blender,9,159.57,5,1436.1299999999999,71.8065,1364.3235,37.08,333.71999999999997,1030.6035,75.5395256330335
10081,2025-03-22,3931,West,Online,Clothing,Sneakers,9,113.49,20,1021.41,204.282,817.1279999999999,132.03,1188.27,-371.14200000000005,-45.42030134813641
10082,2025-03-23,3481,North,In-Store,Electronics,T-shirt,6,39.0,0,234.0,0.0,234.0,85.2,511.20000000000005,-277.20000000000005,-118.46153846153848
10083,2025-03-24,3579,South,Online,Clothing,Jeans,3,34.11,10,102.33,10.233,92.097,19.01,57.03,35.06699999999999,38.076158832535256
10084,2025-03-25,3891,North,Online,Clothing,Headphones,4,35.19,5,140.76,7.038,133.72199999999998,130.66,522.64,-388.918,-290.8406993613617
10085,2025-03-26,3219,East,Online,Accessories,Jeans,3,66.46,20,199.38,39.876000000000005,159.504,44.51,133.53,25.97399999999999,16.284231116461022
10086,2025-03-27,3481,East,In-Store,Electronics,T-shirt,1,26.83,0,26.83,0.0,26.83,87.88,87.88,-61.05,-227.54379426015655
10087,2025-03-28,3019,East,Online,Electronics,Blender,8,180.66,10,1445.28,144.528,1300.752,103.44,827.52,473.23199999999997,36.38141628842393
10088,2025-03-29,3923,East,In-Store,Accessories,Jeans,4,80.98,0,323.92,0.0,323.92,112.88,451.52,-127.59999999999997,-39.39244257841441
10089,2025-03-30,3516,North,In-Store,Electronics,Watch,5,173.7,0,868.5,0.0,868.5,108.9,544.5,324.0,37.30569948186528
10090,2025-03-31,3787,East,Online,Clothing,Headphones,4,180.1,15,720.4,108.05999999999999,612.34,125.58,502.32,110.02000000000004,17.967142437208093
10091,2025-04-01,3033,North,Online,Electronics,Sneakers,7,174.32,5,1220.24,61.012,1159.228,116.72,817.04,342.1880000000001,29.518610661578233
10092,2025-04-02,3123,West,In-Store,Electronics,Backpack,8,195.37,0,1562.96,0.0,1562.96,32.36,258.88,1304.08,83.4365562778318
10093,2025-04-03,3286,North,Online,Clothing,Sneakers,1,134.16,0,134.16,0.0,134.16,85.78,85.78,48.379999999999995,36.061419200954084
10094,2025-04-04,3697,South,Online,Electronics,Backpack,1,178.48,15,178.48,26.772,151.708,76.59,76.59,75.118,49.5148574893875
10095,2025-04-05,3741,East,Online,Home,Backpack,7,220.63,20,1544.4099999999999,308.882,1235.5279999999998,24.32,170.24,1065.2879999999998,86.22127543851697
10096,2025-04-06,3841,North,Online,Accessories,Headphones,3,36.07,15,108.21000000000001,16.2315,91.97850000000001,67.83,203.49,-111.5115,-121.23648461325199
10097,2025-04-07,3989,North,In-Store,Accessories,Blender,3,76.55,20,229.64999999999998,45.93,183.71999999999997,117.62,352.86,-169.14000000000004,-92.06401045068586
10098,2025-04-08,3977,East,Online,Accessories,Headphones,2,153.44,10,306.88,30.688000000000002,276.192,69.46,138.92,137.27200000000002,49.701656818445144
10099,2025-04-09,3895,West,In-Store,Home,Blender,4,233.97,10,935.88,93.58800000000001,842.292,61.86,247.44,594.8520000000001,70.62301434656865
10100,2025-04-10,3415,West,In-Store,Home,Headphones,4,45.06,5,180.24,9.012,171.228,74.07,296.28,-125.05199999999996,-73.03244796411799
10101,2025-04-11,3130,East,In-Store,Electronics,Jeans,2,102.24,15,204.48,30.671999999999997,173.808,86.92,173.84,-0.03200000000001069,-0.01841112031667742
10102,2025-04-12,3083,North,Online,Electronics,Headphones,2,26.6,20,53.2,10.64,42.56,115.91,231.82,-189.26,-444.68984962406006
10103,2025-04-13,3946,South,Online,Electronics,Headphones,3,234.16,0,702.48,0.0,702.48,128.72,386.15999999999997,316.32000000000005,45.029039972668265
10104,2025-04-14,3402,West,In-Store,Accessories,T-shirt,3,84.25,5,252.75,12.637500000000001,240.1125,46.91,140.73,99.38250000000002,41.389973449945344
10105,2025-04-15,3021,South,Online,Home,Watch,2,143.4,15,286.8,43.02,243.78,43.23,86.46,157.32,64.5335958651243
10106,2025-04-16,3631,East,In-Store,Electronics,Jeans,7,32.52,20,227.64000000000001,45.528000000000006,182.11200000000002,50.82,355.74,-173.628,-95.34132841328412
10107,2025-04-17,3579,South,In-Store,Clothing,Headphones,3,202.18,0,606.54,0.0,606.54,130.44,391.32,215.21999999999997,35.483232762884555
10108,2025-04-18,3203,North,In-Store,Home,Backpack,6,22.22,15,133.32,19.997999999999998,113.322,135.58,813.48,-700.158,-617.8482554137767
10109,2025-04-19,3954,North,In-Store,Home,Watch,9,62.15,5,559.35,27.9675,531.3825,54.57,491.13,40.252500000000055,7.575051869416108
10110,2025-04-20,3047,East,In-Store,Electronics,Jeans,3,18.04,5,54.12,2.706,51.413999999999994,125.85,377.54999999999995,-326.13599999999997,-634.3330610339597
10111,2025-04-21,3784,West,In-Store,Accessories,Backpack,2,34.81,15,69.62,10.443,59.17700000000001,83.93,167.86,-108.683,-183.65750207006099
10112,2025-04-22,3524,North,In-Store,Clothing,Jeans,1,171.18,5,171.18,8.559000000000001,162.621,143.9,143.9,18.721000000000004,11.512043340036037
10113,2025-04-23,3349,West,Online,Clothing,T-shirt,9,76.13,15,685.17,102.7755,582.3945,87.65,788.85,-206.45550000000003,-35.44942474559771
10114,2025-04-24,3107,West,Online,Home,Blender,2,127.73,15,255.46,38.319,217.14100000000002,136.1,272.2,-55.05899999999997,-25.356335284446494
10115,2025-04-25,3745,North,Online,Electronics,Jeans,7,161.7,10,1131.8999999999999,113.19,1018.7099999999998,85.4,597.8000000000001,420.90999999999974,41.3179413179413
10116,2025-04-26,3393,West,Online,Clothing,Watch,2,125.96,20,251.92,50.384,201.536,55.63,111.26,90.276,44.79398221657669
10117,2025-04-27,3844,South,Online,Clothing,T-shirt,1,95.44,10,95.44,9.544,85.896,128.13,128.13,-42.233999999999995,-49.16876222408494
10118,2025-04-28,3835,East,Online,Clothing,T-shirt,6,239.43,15,1436.58,215.487,1221.0929999999998,53.92,323.52,897.5729999999999,73.50570349678526
10119,2025-04-29,3622,North,In-Store,Electronics,Jeans,7,202.86,10,1420.02,142.002,1278.018,119.35,835.4499999999999,442.5680000000001,34.62924622344913
10120,2025-04-30,3654,North,In-Store,Home,Watch,3,55.81,15,167.43,25.1145,142.31550000000001,81.95,245.85000000000002,-103.53450000000001,-72.74998155506603
10121,2025-05-01,3636,East,Online,Electronics,Watch,3,198.38,0,595.14,0.0,595.14,51.92,155.76,439.38,73.8280068555298
10122,2025-05-02,3276,South,Online,Home,Sneakers,7,102.6,10,718.1999999999999,71.82,646.3799999999999,74.05,518.35,128.02999999999986,19.807234134719497
10123,2025-05-03,3309,West,Online,Electronics,Sneakers,8,22.64,0,181.12,0.0,181.12,136.38,1091.04,-909.92,-502.38515901060066
10124,2025-05-04,3911,South,In-Store,Home,Sneakers,8,102.57,10,820.56,82.056,738.5039999999999,48.12,384.96,353.5439999999999,47.872997302655094
10125,2025-05-05,3827,East,Online,Electronics,Jeans,6,50.12,15,300.71999999999997,45.108,255.61199999999997,17.52,105.12,150.49199999999996,58.87517017980376
10126,2025-05-06,3035,East,Online,Accessories,Backpack,8,185.61,20,1484.88,296.97600000000006,1187.904,136.06,1088.48,99.42399999999998,8.369699908410105
10127,2025-05-07,3816,East,In-Store,Accessories,Backpack,3,108.15,5,324.45000000000005,16.222500000000004,308.2275,22.11,66.33,241.89750000000004,78.48018103511207
10128,2025-05-08,3260,North,Online,Clothing,Headphones,9,201.38,5,1812.42,90.62100000000001,1721.799,38.48,346.32,1375.479,79.88615395873735
10129,2025-05-09,3811,East,Online,Accessories,Sneakers,9,241.44,0,2172.96,0.0,2172.96,74.56,671.04,1501.92,69.11862160371108
10130,2025-05-10,3456,East,Online,Home,Sneakers,3,121.2,10,363.6,36.36000000000001,327.24,118.08,354.24,-27.0,-8.25082508250825
10131,2025-05-11,3474,South,Online,Clothing,Watch,4,77.57,0,310.28,0.0,310.28,146.74,586.96,-276.68000000000006,-89.17107129044737
10132,2025-05-12,3762,North,In-Store,Electronics,Sneakers,5,155.15,20,775.75,155.15,620.6,32.09,160.45000000000002,460.15,74.14598775378664
10133,2025-05-13,3566,West,In-Store,Clothing,T-shirt,2,135.62,10,271.24,27.124000000000002,244.116,38.71,77.42,166.69600000000003,68.28556915564732
10134,2025-05-14,3555,East,In-Store,Accessories,Blender,8,141.35,5,1130.8,56.54,1074.26,149.44,1195.52,-121.25999999999999,-11.287770185988494
10135,2025-05-15,3215,North,In-Store,Clothing,Jeans,5,111.97,20,559.85,111.97000000000001,447.88,86.6,433.0,14.879999999999995,3.322318478163793
10136,2025-05-16,3973,South,In-Store,Electronics,Jeans,6,105.69,15,634.14,95.121,539.019,129.95,779.6999999999999,-240.68099999999993,-44.65167276107149
10137,2025-05-17,3434,North,In-Store,Home,Sneakers,9,84.23,20,758.07,151.614,606.456,58.0,522.0,84.45600000000002,13.926154576754127
10138,2025-05-18,3039,East,In-Store,Electronics,T-shirt,8,229.29,10,1834.32,183.43200000000002,1650.888,47.05,376.4,1274.4879999999998,77.20014925300808
10139,2025-05-19,3131,East,Online,Accessories,Jeans,9,151.88,10,1366.92,136.692,1230.228,131.88,1186.92,43.30799999999999,3.520323062066543
10140,2025-05-20,3413,West,In-Store,Accessories,Headphones,1,199.11,5,199.11,9.9555,189.1545,34.97,34.97,154.1845,81.51246732168677
10141,2025-05-21,3908,North,Online,Electronics,Blender,7,114.4,0,800.8000000000001,0.0,800.8000000000001,43.48,304.35999999999996,496.4400000000001,61.99300699300701
10142,2025-05-22,3460,West,Online,Electronics,Jeans,1,99.96,20,99.96,19.992,79.96799999999999,58.42,58.42,21.547999999999988,26.94577831132452
10143,2025-05-23,3847,East,Online,Electronics,Headphones,9,45.57,15,410.13,61.519499999999994,348.6105,53.58,482.21999999999997,-133.60949999999997,-38.32629826123997
10144,2025-05-24,3797,North,In-Store,Electronics,T-shirt,5,126.95,20,634.75,126.95,507.8,29.14,145.7,362.1,71.30760141788106
10145,2025-05-25,3648,North,In-Store,Electronics,T-shirt,7,138.72,5,971.04,48.552,922.4879999999999,47.01,329.07,593.4179999999999,64.32799125842287
10146,2025-05-26,3566,North,In-Store,Home,Sneakers,5,63.43,0,317.15,0.0,317.15,30.13,150.65,166.49999999999997,52.49881759419832
10147,2025-05-27,3678,West,Online,Electronics,Headphones,2,68.16,0,136.32,0.0,136.32,82.23,164.46,-28.140000000000015,-20.64260563380283
10148,2025-05-28,3373,North,In-Store,Home,Watch,9,102.27,20,920.43,184.086,736.3439999999999,105.71,951.39,-215.04600000000005,-29.204556565952878
10149,2025-05-29,3710,North,In-Store,Clothing,T-shirt,4,214.41,20,857.64,171.52800000000002,686.112,79.78,319.12,366.99199999999996,53.488643253579596
10150,2025-05-30,3661,East,In-Store,Clothing,Headphones,2,203.09,0,406.18,0.0,406.18,15.25,30.5,375.68,92.49101383623024
10151,2025-05-31,3044,South,In-Store,Clothing,Headphones,9,197.52,5,1777.68,88.88400000000001,1688.796,90.6,815.4,873.3960000000001,51.71708128157575
10152,2025-06-01,3987,West,In-Store,Clothing,T-shirt,8,137.16,20,1097.28,219.45600000000002,877.824,108.37,866.96,10.863999999999919,1.2376057159521634
10153,2025-06-02,3647,West,Online,Electronics,Jeans,3,222.38,5,667.14,33.357,633.783,30.64,91.92,541.863,85.49661319410588
10154,2025-06-03,3721,North,Online,Home,Blender,9,20.7,10,186.29999999999998,18.63,167.67,75.25,677.25,-509.58000000000004,-303.91841116478804
10155,2025-06-04,3495,North,Online,Clothing,Jeans,9,50.19,10,451.71,45.171,406.539,145.76,1311.84,-905.3009999999999,-222.68490845896704
10156,2025-06-05,3197,West,In-Store,Clothing,Backpack,7,119.68,15,837.76,125.66399999999999,712.096,124.93,874.51,-162.414,-22.807879836426547
10157,2025-06-06,3100,West,Online,Clothing,T-shirt,7,196.24,15,1373.68,206.052,1167.6280000000002,71.11,497.77,669.8580000000002,57.36912783866095
10158,2025-06-07,3180,East,Online,Clothing,T-shirt,6,122.93,15,737.58,110.637,626.943,42.57,255.42000000000002,371.52299999999997,59.25945420875581
10159,2025-06-08,3169,South,In-Store,Electronics,Sneakers,3,248.77,0,746.3100000000001,0.0,746.3100000000001,28.24,84.72,661.59,88.64814889255135
10160,2025-06-09,3029,North,In-Store,Electronics,Jeans,3,238.86,15,716.58,107.48700000000001,609.0930000000001,11.65,34.95,574.143,94.26195999625673
10161,2025-06-10,3282,South,Online,Electronics,Jeans,5,226.48,0,1132.3999999999999,0.0,1132.3999999999999,38.99,194.95000000000002,937.4499999999998,82.78435181914517
10162,2025-06-11,3832,South,In-Store,Accessories,T-shirt,8,206.58,15,1652.64,247.89600000000002,1404.7440000000001,75.81,606.48,798.2640000000001,56.82629717585554
10163,2025-06-12,3764,South,Online,Clothing,Sneakers,9,77.65,5,698.85,34.9425,663.9075,77.29,695.61,-31.702499999999986,-4.775138102823057
10164,2025-06-13,3190,North,In-Store,Electronics,Headphones,6,167.0,15,1002.0,150.29999999999998,851.7,30.03,180.18,671.52,78.84466361394857
10165,2025-06-14,3726,South,Online,Clothing,Watch,7,22.05,15,154.35,23.1525,131.1975,70.89,496.23,-365.0325,-278.2312925170068
10166,2025-06-15,3738,South,In-Store,Accessories,Backpack,3,206.63,15,619.89,92.98349999999999,526.9065,68.96,206.88,320.02650000000006,60.73686697734798
10167,2025-06-16,3012,East,In-Store,Electronics,Blender,4,87.63,0,350.52,0.0,350.52,122.38,489.52,-139.0,-39.6553691658108
10168,2025-06-17,3646,East,Online,Home,Sneakers,9,56.96,20,512.64,102.528,410.11199999999997,138.59,1247.31,-837.198,-204.13886938202248
10169,2025-06-18,3488,South,Online,Home,Sneakers,3,141.75,15,425.25,63.787499999999994,361.4625,143.81,431.43,-69.96750000000003,-19.35677974893662
10170,2025-06-19,3930,East,Online,Electronics,Headphones,4,156.47,10,625.88,62.588,563.292,75.62,302.48,260.812,46.30138542709643
10171,2025-06-20,3443,West,Online,Electronics,Jeans,4,108.09,15,432.36,64.854,367.50600000000003,128.39,513.56,-146.05399999999992,-39.74193618607585
10172,2025-06-21,3106,North,In-Store,Clothing,Blender,7,148.0,10,1036.0,103.60000000000001,932.4,94.93,664.51,267.89,28.73123123123123
10173,2025-06-22,3622,South,Online,Accessories,Watch,5,210.58,20,1052.9,210.58000000000004,842.32,19.75,98.75,743.57,88.27642701111216
10174,2025-06-23,3884,South,Online,Electronics,Sneakers,2,84.9,10,169.8,16.98,152.82000000000002,15.57,31.14,121.68000000000002,79.62308598351001
10175,2025-06-24,3497,East,Online,Home,T-shirt,1,142.79,15,142.79,21.418499999999998,121.3715,92.74,92.74,28.631500000000003,23.589969638671356
10176,2025-06-25,3349,North,Online,Electronics,Blender,8,143.27,20,1146.16,229.23200000000003,916.9280000000001,103.84,830.72,86.20800000000008,9.401828715013618
10177,2025-06-26,3486,South,Online,Clothing,Sneakers,8,85.06,5,680.48,34.024,646.456,99.49,795.92,-149.46399999999994,-23.120521736978223
10178,2025-06-27,3234,East,Online,Electronics,Backpack,7,127.31,15,891.1700000000001,133.6755,757.4945,75.17,526.19,231.30449999999996,30.535469234430078
10179,2025-06-28,3529,North,In-Store,Clothing,Blender,7,75.78,15,530.46,79.569,450.891,90.94,636.5799999999999,-185.6889999999999,-41.18268051480289
10180,2025-06-29,3005,West,In-Store,Accessories,Sneakers,4,108.87,10,435.48,43.548,391.932,101.15,404.6,-12.668000000000006,-3.232193339660963
10181,2025-06-30,3847,East,In-Store,Clothing,Blender,9,77.73,0,699.57,0.0,699.57,107.01,963.09,-263.52,-37.66885372443072
10182,2025-07-01,3049,East,Online,Clothing,Backpack,4,84.75,5,339.0,16.95,322.05,25.87,103.48,218.57,67.86834342493401
10183,2025-07-02,3438,East,Online,Clothing,Sneakers,3,193.29,5,579.87,28.9935,550.8765,74.03,222.09,328.78649999999993,59.684248647382844
10184,2025-07-03,3332,South,Online,Clothing,Sneakers,3,246.74,10,740.22,74.022,666.198,53.01,159.03,507.168,76.12871848909784
10185,2025-07-04,3617,West,In-Store,Home,Blender,8,209.82,5,1678.56,83.928,1594.632,75.11,600.88,993.7520000000001,62.3185788319813
10186,2025-07-05,3988,South,Online,Accessories,Blender,3,200.65,5,601.95,30.097500000000004,571.8525000000001,62.04,186.12,385.7325000000001,67.45314569753565
10187,2025-07-06,3182,East,In-Store,Clothing,Watch,7,137.76,5,964.3199999999999,48.216,916.1039999999999,15.57,108.99000000000001,807.1139999999999,88.10287914909225
10188,2025-07-07,3687,West,Online,Clothing,Jeans,5,194.53,0,972.65,0.0,972.65,119.54,597.7,374.94999999999993,38.54932401172056
10189,2025-07-08,3421,North,In-Store,Home,Headphones,2,248.8,20,497.6,99.52000000000001,398.08000000000004,80.69,161.38,236.70000000000005,59.46040996784566
10190,2025-07-09,3969,North,In-Store,Electronics,Blender,1,77.18,0,77.18,0.0,77.18,131.83,131.83,-54.650000000000006,-70.80849961129827
10191,2025-07-10,3599,North,Online,Home,Backpack,4,217.78,10,871.12,87.11200000000001,784.008,11.26,45.04,738.9680000000001,94.25516066162591
10192,2025-07-11,3661,West,Online,Clothing,Jeans,5,62.44,15,312.2,46.83,265.37,18.98,94.9,170.47,64.2386102423032
10193,2025-07-12,3260,North,In-Store,Home,Watch,8,82.37,5,658.96,32.948,626.0120000000001,23.28,186.24,439.77200000000005,70.24977156987407
10194,2025-07-13,3475,East,In-Store,Accessories,Watch,5,142.05,5,710.25,35.5125,674.7375,131.17,655.8499999999999,18.887500000000045,2.799236740213794
10195,2025-07-14,3588,South,Online,Home,Watch,4,107.22,5,428.88,21.444000000000003,407.436,78.49,313.96,93.476,22.942498944619523
10196,2025-07-15,3233,East,Online,Accessories,Headphones,4,144.21,15,576.84,86.526,490.314,113.83,455.32,34.99400000000003,7.13705910906073
10197,2025-07-16,3331,South,In-Store,Electronics,Watch,8,248.83,0,1990.64,0.0,1990.64,16.19,129.52,1861.1200000000001,93.49354981312543
10198,2025-07-17,3774,East,In-Store,Clothing,T-shirt,1,121.39,20,121.39,24.278000000000002,97.112,113.19,113.19,-16.078000000000003,-16.556141362550463
10199,2025-07-18,3888,East,In-Store,Electronics,Blender,1,121.62,10,121.62,12.162,109.458,16.24,16.24,93.218,85.16325896690968
10200,2025-07-19,3225,East,In-Store,Home,Watch,7,228.09,15,1596.63,239.49450000000002,1357.1355,137.0,959.0,398.1355000000001,29.336459034488456
10201,2025-07-20,3469,East,Online,Accessories,T-shirt,5,158.68,15,793.4000000000001,119.01,674.3900000000001,79.26,396.3,278.0900000000001,41.23578344874628
10202,2025-07-21,3085,West,In-Store,Clothing,Backpack,4,91.19,20,364.76,72.952,291.808,144.11,576.44,-284.63200000000006,-97.54084877727823
10203,2025-07-22,3670,North,Online,Home,Headphones,5,209.99,15,1049.95,157.4925,892.4575,97.09,485.45000000000005,407.00749999999994,45.605252911203046
10204,2025-07-23,3875,South,Online,Clothing,Headphones,9,202.26,0,1820.34,0.0,1820.34,92.24,830.16,990.18,54.395332740037574
10205,2025-07-24,3476,North,In-Store,Home,T-shirt,4,189.58,20,758.32,151.66400000000002,606.6560000000001,29.18,116.72,489.93600000000004,80.76010127650596
10206,2025-07-25,3824,South,In-Store,Home,Headphones,9,79.34,10,714.0600000000001,71.406,642.654,96.65,869.85,-227.19600000000003,-35.352771475786355
10207,2025-07-26,3819,East,Online,Electronics,Headphones,4,52.03,20,208.12,41.624,166.496,114.32,457.28,-290.784,-174.64924082260234
10208,2025-07-27,3247,West,In-Store,Accessories,T-shirt,3,142.15,20,426.45000000000005,85.29000000000002,341.16,93.5,280.5,60.660000000000025,17.78051354203307
10209,2025-07-28,3183,East,In-Store,Electronics,Blender,2,23.36,15,46.72,7.008,39.711999999999996,104.95,209.9,-170.18800000000002,-428.5556003223208
10210,2025-07-29,3633,North,In-Store,Accessories,Sneakers,7,164.31,15,1150.17,172.5255,977.6445000000001,133.2,932.3999999999999,45.244500000000244,4.627909224672183
10211,2025-07-30,3908,West,Online,Accessories,Headphones,8,114.72,15,917.76,137.664,780.096,106.02,848.16,-68.06399999999996,-8.725079990155054
10212,2025-07-31,3076,West,Online,Accessories,Jeans,7,180.49,0,1263.43,0.0,1263.43,98.18,687.26,576.1700000000001,45.60363455039061
10213,2025-08-01,3877,North,In-Store,Electronics,Watch,3,172.73,20,518.1899999999999,103.63799999999999,414.55199999999996,81.49,244.46999999999997,170.082,41.027904822555435
10214,2025-08-02,3932,North,In-Store,Electronics,Headphones,5,82.92,15,414.6,62.19,352.41,71.03,355.15,-2.7399999999999523,-0.7775034760647973
10215,2025-08-03,3711,West,Online,Accessories,Jeans,2,39.01,20,78.02,15.604,62.416,108.35,216.7,-154.284,-247.1866188156883
10216,2025-08-04,3085,South,Online,Electronics,Jeans,6,242.98,0,1457.8799999999999,0.0,1457.8799999999999,125.07,750.42,707.4599999999999,48.52662770598403
10217,2025-08-05,3698,West,In-Store,Electronics,Watch,9,13.57,5,122.13,6.1065000000000005,116.0235,110.63,995.67,-879.6465,-758.1623550401428
10218,2025-08-06,3809,South,Online,Electronics,Sneakers,9,103.4,10,930.6,93.06,837.54,19.52,175.68,661.8599999999999,79.02428540726413
10219,2025-08-07,3230,South,Online,Home,Jeans,6,137.47,20,824.8199999999999,164.964,659.856,42.16,252.95999999999998,406.896,61.66436313377465
10220,2025-08-08,3911,North,Online,Accessories,Jeans,9,126.72,15,1140.48,171.072,969.408,94.0,846.0,123.40800000000002,12.730243612596556
10221,2025-08-09,3811,South,In-Store,Accessories,Sneakers,3,193.23,5,579.6899999999999,28.984499999999997,550.7054999999999,87.26,261.78000000000003,288.9254999999999,52.46461130313751
10222,2025-08-10,3315,North,In-Store,Home,Sneakers,4,233.69,20,934.76,186.952,747.808,138.05,552.2,195.60799999999995,26.157516367837726
10223,2025-08-11,3850,West,Online,Clothing,Blender,5,199.67,10,998.3499999999999,99.835,898.5149999999999,147.58,737.9000000000001,160.61499999999978,17.87560586078138
10224,2025-08-12,3575,East,In-Store,Home,Blender,8,196.38,0,1571.04,0.0,1571.04,134.89,1079.12,491.9200000000001,31.311742539973526
10225,2025-08-13,3924,North,In-Store,Accessories,T-shirt,5,101.4,10,507.0,50.7,456.3,92.84,464.20000000000005,-7.900000000000034,-1.731317115932508
10226,2025-08-14,3400,East,In-Store,Accessories,Headphones,7,217.0,15,1519.0,227.85,1291.15,109.32,765.24,525.9100000000001,40.73190566549201
10227,2025-08-15,3901,West,Online,Clothing,Headphones,6,187.55,10,1125.3000000000002,112.53000000000003,1012.7700000000002,128.06,768.36,244.4100000000002,24.132823839568722
10228,2025-08-16,3035,East,Online,Home,Headphones,5,86.37,0,431.85,0.0,431.85,26.21,131.05,300.8,69.65381498205396
10229,2025-08-17,3589,West,Online,Accessories,Sneakers,5,31.14,20,155.7,31.14,124.55999999999999,50.35,251.75,-127.19000000000001,-102.11143224149006
10230,2025-08-18,3288,South,Online,Clothing,Blender,5,101.81,20,509.05,101.81,407.24,8.63,43.150000000000006,364.09000000000003,89.40428248698557
10231,2025-08-19,3629,North,In-Store,Clothing,Watch,5,155.32,5,776.5999999999999,38.83,737.7699999999999,95.48,477.40000000000003,260.36999999999983,35.29148650663485
10232,2025-08-20,3727,North,In-Store,Clothing,Backpack,4,52.23,0,208.92,0.0,208.92,138.3,553.2,-344.2800000000001,-164.7903503733487
10233,2025-08-21,3991,West,Online,Electronics,Headphones,6,197.45,10,1184.6999999999998,118.46999999999998,1066.2299999999998,5.69,34.14,1032.0899999999997,96.79806420753495
10234,2025-08-22,3161,East,In-Store,Accessories,Watch,7,192.7,10,1348.8999999999999,134.89,1214.0099999999998,23.31,163.17,1050.8399999999997,86.55941878567721
10235,2025-08-23,3045,West,Online,Clothing,Jeans,7,160.15,0,1121.05,0.0,1121.05,34.01,238.07,882.98,78.76365906962224
10236,2025-08-24,3936,South,In-Store,Electronics,T-shirt,9,222.86,5,2005.7400000000002,100.28700000000002,1905.4530000000002,117.99,1061.9099999999999,843.5430000000003,44.269945257112106
10237,2025-08-25,3628,West,In-Store,Accessories,Sneakers,4,61.05,20,244.2,48.84,195.35999999999999,58.64,234.56,-39.20000000000002,-20.065520065520076
10238,2025-08-26,3475,West,In-Store,Clothing,T-shirt,7,72.91,0,510.37,0.0,510.37,33.72,236.04,274.33000000000004,53.75120010972433
10239,2025-08-27,3398,East,In-Store,Clothing,Jeans,8,40.47,0,323.76,0.0,323.76,58.99,471.92,-148.16000000000003,-45.762293056585136
10240,2025-08-28,3045,East,Online,Electronics,Headphones,8,136.14,10,1089.12,108.91199999999999,980.2079999999999,42.16,337.28,642.9279999999999,65.59097660904624
10241,2025-08-29,3873,North,Online,Accessories,Jeans,2,85.72,10,171.44,17.144000000000002,154.296,41.32,82.64,71.65599999999999,46.44060766319282
10242,2025-08-30,3042,South,In-Store,Home,Watch,5,67.18,10,335.90000000000003,33.59,302.31000000000006,87.05,435.25,-132.93999999999994,-43.9747279282855
10243,2025-08-31,3864,South,In-Store,Home,Watch,3,26.95,15,80.85,12.1275,68.7225,102.21,306.63,-237.9075,-346.18574702608316
10244,2025-09-01,3290,South,Online,Electronics,Jeans,3,248.27,15,744.8100000000001,111.7215,633.0885000000001,41.16,123.47999999999999,509.60850000000005,80.49561791123989
10245,2025-09-02,3095,West,Online,Clothing,Headphones,1,205.98,0,205.98,0.0,205.98,84.74,84.74,121.24,58.860083503252746
10246,2025-09-03,3880,South,Online,Home,Jeans,2,88.34,10,176.68,17.668000000000003,159.012,9.32,18.64,140.372,88.27761426810557
10247,2025-09-04,3183,East,In-Store,Electronics,Headphones,5,108.1,15,540.5,81.075,459.425,146.0,730.0,-270.575,-58.89427001142732
10248,2025-09-05,3230,East,Online,Home,Headphones,6,144.57,0,867.42,0.0,867.42,19.86,119.16,748.26,86.26271010583109
10249,2025-09-06,3914,East,Online,Electronics,Headphones,1,22.48,15,22.48,3.372,19.108,86.04,86.04,-66.932,-350.2826041448608
10250,2025-09-07,3265,North,Online,Clothing,Blender,6,100.16,5,600.96,30.048000000000002,570.912,149.57,897.42,-326.5079999999999,-57.1906003026736
10251,2025-09-08,3969,South,In-Store,Home,T-shirt,5,147.94,20,739.7,147.94000000000003,591.76,51.67,258.35,333.40999999999997,56.34209814789779
10252,2025-09-09,3269,East,Online,Home,Backpack,2,240.7,0,481.4,0.0,481.4,46.63,93.26,388.14,80.62733693394267
10253,2025-09-10,3341,South,In-Store,Clothing,Headphones,2,241.37,10,482.74,48.274,434.466,112.06,224.12,210.346,48.414835683344606
10254,2025-09-11,3939,West,Online,Electronics,Headphones,3,191.89,5,575.67,28.7835,546.8865,72.53,217.59,329.2964999999999,60.21295095051714
10255,2025-09-12,3001,East,Online,Home,Watch,4,22.21,10,88.84,8.884,79.956,43.65,174.6,-94.64399999999999,-118.37010355695632
10256,2025-09-13,3287,South,In-Store,Electronics,T-shirt,6,154.86,10,929.1600000000001,92.91600000000001,836.244,88.07,528.42,307.82400000000007,36.81030895288935
10257,2025-09-14,3910,North,In-Store,Clothing,Blender,1,120.62,5,120.62,6.031000000000001,114.589,124.93,124.93,-10.341000000000008,-9.02442642836573
10258,2025-09-15,3208,West,In-Store,Home,Sneakers,6,165.62,0,993.72,0.0,993.72,102.03,612.1800000000001,381.53999999999996,38.39512136215432
10259,2025-09-16,3560,North,Online,Clothing,Backpack,4,104.85,20,419.4,83.88,335.52,39.81,159.24,176.27999999999997,52.539341917024316
10260,2025-09-17,3665,East,Online,Electronics,T-shirt,9,129.3,20,1163.7,232.74,930.96,101.83,916.47,14.490000000000009,1.556457849961331
10261,2025-09-18,3497,West,In-Store,Home,T-shirt,6,117.23,15,703.38,105.50699999999999,597.873,139.83,838.98,-241.10699999999997,-40.32746084870866
10262,2025-09-19,3161,East,Online,Clothing,Headphones,7,42.29,20,296.03,59.205999999999996,236.82399999999998,33.58,235.06,1.7639999999999816,0.7448569401749746
10263,2025-09-20,3981,East,Online,Electronics,T-shirt,4,183.68,5,734.72,36.736000000000004,697.984,99.51,398.04,299.944,42.97290482303319
10264,2025-09-21,3979,East,Online,Home,Watch,3,11.75,10,35.25,3.5250000000000004,31.725,77.44,232.32,-200.595,-632.2931442080378
10265,2025-09-22,3255,West,Online,Home,T-shirt,1,125.42,20,125.42,25.084000000000003,100.336,101.19,101.19,-0.8539999999999992,-0.8511401690320516
10266,2025-09-23,3338,South,Online,Clothing,Backpack,1,209.4,10,209.4,20.94,188.46,24.97,24.97,163.49,86.75050408574764
10267,2025-09-24,3576,South,In-Store,Home,Backpack,1,198.66,10,198.66,19.866,178.79399999999998,38.76,38.76,140.034,78.3214201818853
10268,2025-09-25,3461,North,In-Store,Home,Jeans,5,88.62,5,443.1,22.155,420.94500000000005,55.4,277.0,143.94500000000005,34.19567877038569
10269,2025-09-26,3826,South,In-Store,Electronics,T-shirt,2,136.66,10,273.32,27.332,245.988,126.74,253.48,-7.49199999999999,-3.0456770248955194
10270,2025-09-27,3266,North,Online,Accessories,Backpack,4,228.33,10,913.32,91.33200000000001,821.988,60.73,242.92,579.0680000000001,70.4472571375738
10271,2025-09-28,3436,South,Online,Accessories,Backpack,7,84.44,15,591.0799999999999,88.66199999999999,502.41799999999995,53.93,377.51,124.90799999999996,24.861370412684252
10272,2025-09-29,3506,South,Online,Accessories,Blender,2,149.39,10,298.78,29.878,268.902,112.53,225.06,43.841999999999985,16.304081040676525
10273,2025-09-30,3539,West,In-Store,Home,Sneakers,9,234.18,0,2107.62,0.0,2107.62,25.12,226.08,1881.54,89.27320864292425
10274,2025-10-01,3156,South,In-Store,Home,Backpack,2,238.87,5,477.74,23.887,453.853,51.4,102.8,351.053,77.34949421949398
10275,2025-10-02,3008,East,In-Store,Electronics,Headphones,4,173.22,0,692.88,0.0,692.88,84.87,339.48,353.4,51.00450294423277
10276,2025-10-03,3759,West,Online,Electronics,Watch,2,245.35,10,490.7,49.07,441.63,55.22,110.44,331.19,74.99264089848968
10277,2025-10-04,3481,East,In-Store,Accessories,Watch,5,196.22,10,981.1,98.11000000000001,882.99,91.7,458.5,424.49,48.07415712522226
10278,2025-10-05,3612,West,Online,Electronics,Blender,8,243.74,20,1949.92,389.98400000000004,1559.9360000000001,92.22,737.76,822.1760000000002,52.70575203085255
10279,2025-10-06,3985,East,In-Store,Electronics,Blender,4,171.14,15,684.56,102.68399999999998,581.876,25.49,101.96,479.916,82.47736631172278
10280,2025-10-07,3428,South,Online,Accessories,Blender,4,166.76,0,667.04,0.0,667.04,24.35,97.4,569.64,85.39817702086832
10281,2025-10-08,3766,South,Online,Clothing,Backpack,1,23.87,0,23.87,0.0,23.87,118.72,118.72,-94.85,-397.3607038123167
10282,2025-10-09,3947,North,In-Store,Accessories,Jeans,9,127.52,10,1147.68,114.76800000000001,1032.912,65.52,589.68,443.2320000000001,42.91091593475534
10283,2025-10-10,3822,West,Online,Electronics,Blender,9,89.34,5,804.0600000000001,40.203,763.8570000000001,26.63,239.67,524.1870000000001,68.6237083642619
10284,2025-10-11,3298,East,In-Store,Accessories,Backpack,9,20.84,15,187.56,28.134,159.426,16.08,144.71999999999997,14.706000000000017,9.224342328102079
10285,2025-10-12,3348,North,In-Store,Home,Jeans,6,162.45,10,974.6999999999999,97.47,877.2299999999999,65.74,394.43999999999994,482.78999999999996,55.035737491877846
10286,2025-10-13,3519,East,In-Store,Electronics,Blender,7,243.09,0,1701.63,0.0,1701.63,127.11,889.77,811.8600000000001,47.71072442305319
10287,2025-10-14,3753,North,Online,Clothing,Jeans,7,147.23,0,1030.61,0.0,1030.61,34.74,243.18,787.4299999999998,76.40426543503361
10288,2025-10-15,3143,North,Online,Accessories,Backpack,2,95.12,10,190.24,19.024,171.216,149.28,298.56,-127.344,-74.3762265208859
10289,2025-10-16,3640,West,In-Store,Home,Backpack,2,236.8,0,473.6,0.0,473.6,8.03,16.06,457.54,96.6089527027027
10290,2025-10-17,3210,North,Online,Home,Backpack,3,173.62,0,520.86,0.0,520.86,91.06,273.18,247.68,47.55212533118304
10291,2025-10-18,3231,South,In-Store,Electronics,Backpack,5,47.62,10,238.1,23.810000000000002,214.29,106.37,531.85,-317.56000000000006,-148.19170283261005
10292,2025-10-19,3688,North,Online,Electronics,Watch,6,155.61,10,933.6600000000001,93.36600000000001,840.2940000000001,82.18,493.08000000000004,347.21400000000006,41.32053781176588
10293,2025-10-20,3448,North,In-Store,Accessories,Watch,5,215.61,5,1078.0500000000002,53.90250000000001,1024.1475000000003,42.58,212.89999999999998,811.2475000000003,79.21197874329626
10294,2025-10-21,3044,South,In-Store,Electronics,T-shirt,9,196.6,5,1769.3999999999999,88.47,1680.9299999999998,50.88,457.92,1223.0099999999998,72.75793757027358
10295,2025-10-22,3521,North,Online,Home,Sneakers,7,129.21,5,904.47,45.2235,859.2465,85.31,597.1700000000001,262.0764999999999,30.50073523721073
10296,2025-10-23,3814,North,Online,Clothing,Backpack,2,174.12,10,348.24,34.824000000000005,313.416,134.83,269.66,43.75599999999997,13.960997524057476
10297,2025-10-24,3440,West,Online,Home,Backpack,4,221.96,0,887.84,0.0,887.84,65.86,263.44,624.4000000000001,70.32798702468914
10298,2025-10-25,3994,East,Online,Accessories,T-shirt,2,187.66,0,375.32,0.0,375.32,55.0,110.0,265.32,70.69167643610785
10299,2025-10-26,3176,North,In-Store,Home,Backpack,9,145.91,15,1313.19,196.9785,1116.2115000000001,63.05,567.4499999999999,548.7615000000002,49.16286026438539
10300,2025-10-27,3639,East,In-Store,Electronics,Sneakers,2,244.62,20,489.24,97.84800000000001,391.392,149.9,299.8,91.59199999999998,23.40160248548769
10301,2025-10-28,3427,West,Online,Electronics,Backpack,7,24.62,5,172.34,8.617,163.723,43.64,305.48,-141.757,-86.58343665825815
10302,2025-10-29,3517,West,Online,Accessories,Sneakers,3,85.31,10,255.93,25.593000000000004,230.337,29.85,89.55000000000001,140.78699999999998,61.12218184659868
10303,2025-10-30,3917,South,Online,Clothing,Headphones,1,239.17,15,239.17,35.875499999999995,203.2945,134.47,134.47,68.8245,33.85458042396622
10304,2025-10-31,3144,North,In-Store,Accessories,Headphones,5,17.44,20,87.2,17.44,69.76,23.19,115.95,-46.19,-66.21272935779817
10305,2025-11-01,3011,West,In-Store,Electronics,Blender,2,177.29,0,354.58,0.0,354.58,126.72,253.44,101.13999999999999,28.523887416097914
10306,2025-11-02,3874,East,Online,Accessories,Jeans,3,137.03,5,411.09000000000003,20.554500000000004,390.5355,95.66,286.98,103.5555,26.51628341085509
10307,2025-11-03,3160,North,Online,Clothing,Watch,1,153.01,10,153.01,15.301,137.709,143.9,143.9,-6.1910000000000025,-4.495711972347488
10308,2025-11-04,3808,West,In-Store,Home,Sneakers,4,27.47,0,109.88,0.0,109.88,51.08,204.32,-94.44,-85.94830724426647
10309,2025-11-05,3548,East,In-Store,Clothing,Jeans,4,11.93,15,47.72,7.1579999999999995,40.562,129.07,516.28,-475.71799999999996,-1172.8169222424929
10310,2025-11-06,3069,West,In-Store,Home,Sneakers,8,87.1,0,696.8,0.0,696.8,17.69,141.52,555.28,79.69001148105626
10311,2025-11-07,3924,East,Online,Clothing,Watch,1,106.01,10,106.01,10.601,95.409,118.44,118.44,-23.03099999999999,-24.139232147910565
10312,2025-11-08,3363,North,In-Store,Home,Headphones,6,161.37,15,968.22,145.233,822.9870000000001,52.44,314.64,508.3470000000001,61.76853340332229
10313,2025-11-09,3605,West,Online,Electronics,T-shirt,9,140.32,20,1262.8799999999999,252.576,1010.3039999999999,71.78,646.02,364.2839999999999,36.0568700114025
10314,2025-11-10,3049,North,Online,Accessories,Headphones,1,24.39,0,24.39,0.0,24.39,120.57,120.57,-96.17999999999999,-394.34194341943413
10315,2025-11-11,3829,East,In-Store,Accessories,Jeans,5,22.86,15,114.3,17.145,97.155,97.06,485.3,-388.145,-399.511090525449
10316,2025-11-12,3366,East,Online,Home,Sneakers,2,170.03,5,340.06,17.003,323.057,71.45,142.9,180.157,55.76631987543994
10317,2025-11-13,3490,East,In-Store,Electronics,Jeans,8,212.47,0,1699.76,0.0,1699.76,47.43,379.44,1320.32,77.67684849625829
10318,2025-11-14,3436,West,Online,Accessories,T-shirt,4,126.7,20,506.8,101.36000000000001,405.44,114.54,458.16,-52.72000000000003,-13.003157063930551
10319,2025-11-15,3735,South,Online,Clothing,Jeans,7,66.9,15,468.30000000000007,70.245,398.05500000000006,72.54,507.78000000000003,-109.72499999999997,-27.565286204167755
10320,2025-11-16,3647,East,In-Store,Clothing,Blender,4,105.58,20,422.32,84.464,337.856,40.47,161.88,175.976,52.08609585148702
10321,2025-11-17,3092,West,In-Store,Clothing,Sneakers,9,23.88,15,214.92,32.238,182.682,61.85,556.65,-373.96799999999996,-204.70982362794362
10322,2025-11-18,3495,East,In-Store,Clothing,Jeans,1,182.56,5,182.56,9.128,173.43200000000002,120.41,120.41,53.02200000000002,30.572212740440065
10323,2025-11-19,3826,West,Online,Home,Backpack,5,63.93,20,319.65,63.93,255.71999999999997,13.5,67.5,188.21999999999997,73.60394181135617
10324,2025-11-20,3690,South,In-Store,Electronics,Jeans,6,124.01,10,744.0600000000001,74.406,669.654,51.72,310.32,359.334,53.659651103405636
10325,2025-11-21,3688,West,Online,Home,Headphones,5,79.55,10,397.75,39.775000000000006,357.975,110.47,552.35,-194.375,-54.29848453104267
10326,2025-11-22,3846,East,Online,Home,Sneakers,8,98.65,20,789.2,157.84000000000003,631.36,93.84,750.72,-119.36000000000001,-18.90522047643183
10327,2025-11-23,3559,South,In-Store,Electronics,Jeans,3,132.06,5,396.18,19.809,376.371,68.72,206.16,170.21099999999998,45.22426010505591
10328,2025-11-24,3638,North,In-Store,Accessories,T-shirt,1,55.67,10,55.67,5.567,50.103,27.58,27.58,22.523000000000003,44.95339600423129
10329,2025-11-25,3958,North,In-Store,Clothing,T-shirt,2,184.53,10,369.06,36.906,332.154,11.9,23.8,308.354,92.83464898811997
10330,2025-11-26,3461,East,Online,Electronics,Blender,6,35.77,0,214.62,0.0,214.62,63.16,378.96,-164.33999999999997,-76.57254682694995
10331,2025-11-27,3211,South,In-Store,Electronics,Jeans,8,191.73,0,1533.84,0.0,1533.84,104.8,838.4,695.4399999999999,45.33980076148751
10332,2025-11-28,3105,South,In-Store,Clothing,Backpack,7,21.08,15,147.56,22.134,125.426,43.84,306.88,-181.454,-144.67016408081258
10333,2025-11-29,3077,South,Online,Clothing,Headphones,1,126.12,15,126.12,18.918,107.202,135.8,135.8,-28.598000000000013,-26.6767411055764
10334,2025-11-30,3536,North,Online,Clothing,Headphones,3,151.97,20,455.90999999999997,91.182,364.72799999999995,94.83,284.49,80.23799999999994,21.99940777785088
10335,2025-12-01,3067,South,In-Store,Accessories,Jeans,1,63.24,15,63.24,9.486,53.754000000000005,71.01,71.01,-17.256,-32.101797075566466
10336,2025-12-02,3903,East,In-Store,Accessories,Headphones,8,17.94,20,143.52,28.704000000000004,114.816,114.43,915.44,-800.624,-697.3104793756968
10337,2025-12-03,3561,South,Online,Clothing,T-shirt,3,179.45,0,538.3499999999999,0.0,538.3499999999999,48.45,145.35000000000002,392.9999999999999,73.00083588743381
10338,2025-12-04,3490,South,In-Store,Clothing,Sneakers,4,176.51,15,706.04,105.90599999999999,600.134,134.62,538.48,61.653999999999996,10.273372280190756
10339,2025-12-05,3416,West,In-Store,Home,Headphones,9,17.13,20,154.17,30.834,123.33599999999998,58.29,524.61,-401.274,-325.35026269702286
10340,2025-12-06,3033,East,In-Store,Clothing,Headphones,9,51.16,10,460.43999999999994,46.044,414.39599999999996,5.76,51.839999999999996,362.556,87.49022673964035
10341,2025-12-07,3331,South,In-Store,Electronics,Blender,4,44.97,0,179.88,0.0,179.88,146.89,587.56,-407.67999999999995,-226.63998221036246
10342,2025-12-08,3859,East,In-Store,Home,Blender,8,93.09,20,744.72,148.94400000000002,595.7760000000001,76.93,615.44,-19.663999999999987,-3.3005693414974733
10343,2025-12-09,3068,North,Online,Accessories,Watch,9,48.35,10,435.15000000000003,43.51500000000001,391.63500000000005,136.02,1224.18,-832.5450000000001,-212.58186832126853
10344,2025-12-10,3230,East,Online,Electronics,T-shirt,4,113.77,5,455.08,22.754,432.32599999999996,20.81,83.24,349.08599999999996,80.74601111198494
10345,2025-12-11,3607,South,In-Store,Home,T-shirt,3,183.97,5,551.91,27.5955,524.3145,33.99,101.97,422.3444999999999,80.55174899797736
10346,2025-12-12,3637,East,Online,Clothing,Sneakers,1,204.94,20,204.94,40.988,163.952,75.14,75.14,88.812,54.169513028203376
10347,2025-12-13,3763,West,Online,Accessories,Backpack,6,211.08,5,1266.48,63.324000000000005,1203.156,134.84,809.04,394.116,32.75684948585221
10348,2025-12-14,3573,South,In-Store,Accessories,Headphones,1,67.96,20,67.96,13.591999999999999,54.367999999999995,18.34,18.34,36.02799999999999,66.26692171865803
10349,2025-12-15,3862,East,In-Store,Accessories,Sneakers,4,128.42,5,513.68,25.683999999999997,487.996,83.08,332.32,155.676,31.90108115640292
10350,2025-12-16,3078,North,Online,Home,T-shirt,2,209.46,15,418.92,62.838,356.082,114.93,229.86,126.22199999999998,35.447453114732
10351,2025-12-17,3876,West,In-Store,Clothing,T-shirt,5,228.77,20,1143.8500000000001,228.77000000000004,915.0800000000002,61.61,308.05,607.0300000000002,66.33627660969533
10352,2025-12-18,3427,East,Online,Accessories,Sneakers,7,183.76,5,1286.32,64.316,1222.004,69.57,486.98999999999995,735.0139999999999,60.148248287239646
10353,2025-12-19,3588,South,Online,Electronics,Sneakers,4,124.8,15,499.2,74.88,424.32,140.39,561.56,-137.23999999999995,-32.34351432880844
10354,2025-12-20,3400,South,In-Store,Clothing,Headphones,2,48.98,0,97.96,0.0,97.96,82.87,165.74,-67.78000000000002,-69.19150673744387
10355,2025-12-21,3369,South,Online,Electronics,Sneakers,1,199.85,15,199.85,29.9775,169.8725,105.05,105.05,64.8225,38.15950197942575
10356,2025-12-22,3634,North,Online,Home,Watch,6,78.54,15,471.24,70.68599999999999,400.55400000000003,102.58,615.48,-214.926,-53.657184799053304
10357,2025-12-23,3410,North,Online,Clothing,Backpack,5,49.62,5,248.1,12.405000000000001,235.695,135.1,675.5,-439.805,-186.59920660175226
10358,2025-12-24,3992,West,In-Store,Home,Sneakers,2,53.83,5,107.66,5.383,102.277,54.51,109.02,-6.742999999999995,-6.592880119674996
10359,2025-12-25,3380,West,In-Store,Accessories,Backpack,3,178.0,15,534.0,80.1,453.9,84.34,253.02,200.87999999999997,44.25644415069398
10360,2025-12-26,3865,North,In-Store,Electronics,Headphones,4,231.1,0,924.4,0.0,924.4,35.97,143.88,780.52,84.43530938987452
10361,2025-12-27,3520,South,Online,Home,Blender,9,42.21,5,379.89,18.9945,360.89549999999997,53.26,479.34,-118.4445,-32.819611217097474
10362,2025-12-28,3692,North,Online,Accessories,Sneakers,8,245.22,10,1961.76,196.17600000000002,1765.584,124.17,993.36,772.224,43.73759617214474
10363,2025-12-29,3606,North,In-Store,Home,Blender,6,195.28,15,1171.68,175.752,995.9280000000001,144.74,868.44,127.48800000000006,12.800925368098904
10364,2025-12-30,3865,North,In-Store,Home,Sneakers,8,93.85,5,750.8,37.54,713.26,52.55,420.4,292.86,41.059361242744586
10365,2025-12-31,3719,South,In-Store,Clothing,Headphones,5,25.78,10,128.9,12.89,116.01,115.45,577.25,-461.24,-397.5864149642272
10366,2026-01-01,3406,East,Online,Electronics,Sneakers,1,109.46,0,109.46,0.0,109.46,82.96,82.96,26.5,24.209756988854377
10367,2026-01-02,3184,West,In-Store,Electronics,Jeans,2,140.09,5,280.18,14.009,266.171,105.43,210.86,55.31099999999998,20.780250290226952
10368,2026-01-03,3181,South,Online,Home,Jeans,4,93.98,20,375.92,75.18400000000001,300.736,58.13,232.52,68.21599999999998,22.68301766333262
10369,2026-01-04,3546,East,In-Store,Clothing,Blender,9,205.1,20,1845.8999999999999,369.18,1476.7199999999998,56.24,506.16,970.5599999999997,65.72403705509507
10370,2026-01-05,3780,South,Online,Electronics,Backpack,7,100.57,15,703.99,105.5985,598.3915,34.9,244.29999999999998,354.0915,59.173885324240075
10371,2026-01-06,3260,East,In-Store,Electronics,Watch,1,137.51,20,137.51,27.502,110.008,77.71,77.71,32.298,29.359682932150395
10372,2026-01-07,3044,East,Online,Accessories,Watch,3,148.61,10,445.83000000000004,44.583000000000006,401.247,13.09,39.269999999999996,361.97700000000003,90.21301093839953
10373,2026-01-08,3311,West,In-Store,Electronics,Sneakers,6,198.51,0,1191.06,0.0,1191.06,129.75,778.5,412.55999999999995,34.638053498564304
10374,2026-01-09,3276,South,In-Store,Accessories,T-shirt,5,32.91,20,164.54999999999998,32.91,131.64,40.38,201.9,-70.26000000000002,-53.372835004557906
10375,2026-01-10,3811,West,Online,Clothing,Backpack,5,210.52,0,1052.6000000000001,0.0,1052.6000000000001,96.89,484.45,568.1500000000001,53.97586927607828
10376,2026-01-11,3433,West,In-Store,Home,Backpack,8,150.9,15,1207.2,181.08,1026.1200000000001,78.36,626.88,399.2400000000001,38.907730090047956
10377,2026-01-12,3274,North,In-Store,Home,Jeans,5,209.63,20,1048.15,209.63000000000002,838.5200000000001,55.38,276.90000000000003,561.6200000000001,66.97753184181654
10378,2026-01-13,3184,East,Online,Electronics,Backpack,2,129.81,15,259.62,38.943,220.67700000000002,141.85,283.7,-63.02299999999997,-28.558934551403166
10379,2026-01-14,3661,North,In-Store,Electronics,Jeans,3,145.0,15,435.0,65.25,369.75,128.1,384.29999999999995,-14.549999999999955,-3.935091277890454
10380,2026-01-15,3946,West,Online,Home,Headphones,8,233.82,0,1870.56,0.0,1870.56,111.63,893.04,977.52,52.258147292789324
10381,2026-01-16,3121,West,In-Store,Accessories,Jeans,9,159.39,5,1434.5099999999998,71.7255,1362.7844999999998,22.16,199.44,1163.3444999999997,85.36525767647049
10382,2026-01-17,3406,West,In-Store,Electronics,T-shirt,7,164.88,0,1154.1599999999999,0.0,1154.1599999999999,72.04,504.28000000000003,649.8799999999999,56.307617661329445
10383,2026-01-18,3018,North,Online,Accessories,Jeans,6,210.98,0,1265.8799999999999,0.0,1265.8799999999999,99.41,596.46,669.4199999999998,52.8817897431036
10384,2026-01-19,3965,West,In-Store,Home,Blender,4,227.99,10,911.96,91.19600000000001,820.764,18.83,75.32,745.444,90.82318425272064
10385,2026-01-20,3871,West,Online,Electronics,Sneakers,7,68.47,15,479.28999999999996,71.89349999999999,407.39649999999995,105.89,741.23,-333.8335000000001,-81.94314384144197
10386,2026-01-21,3247,West,Online,Home,Watch,1,168.91,15,168.91,25.336499999999997,143.5735,123.38,123.38,20.1935,14.064921451382045
10387,2026-01-22,3005,West,Online,Clothing,Watch,7,38.89,0,272.23,0.0,272.23,142.63,998.41,-726.18,-266.7523785034713
10388,2026-01-23,3645,North,In-Store,Accessories,Blender,1,25.67,10,25.67,2.567,23.103,77.8,77.8,-54.696999999999996,-236.75280266632038
10389,2026-01-24,3838,North,Online,Clothing,Blender,7,162.94,15,1140.58,171.087,969.4929999999999,9.16,64.12,905.3729999999999,93.38623383562336
10390,2026-01-25,3479,East,Online,Clothing,Watch,6,127.65,10,765.9000000000001,76.59000000000002,689.3100000000001,35.16,210.95999999999998,478.3500000000001,69.39548243896071
10391,2026-01-26,3157,West,In-Store,Electronics,T-shirt,2,221.52,5,443.04,22.152,420.88800000000003,121.76,243.52,177.36800000000002,42.141377278515904
10392,2026-01-27,3400,South,In-Store,Home,Jeans,2,98.54,15,197.08,29.562,167.518,26.51,53.02,114.49799999999999,68.34966988622118
10393,2026-01-28,3938,North,Online,Accessories,Blender,5,215.07,20,1075.35,215.07,860.28,95.23,476.15000000000003,384.12999999999994,44.65174129353233
10394,2026-01-29,3246,North,Online,Accessories,Headphones,6,193.14,10,1158.84,115.884,1042.956,99.71,598.26,444.6959999999999,42.63804033918976
10395,2026-01-30,3942,East,In-Store,Clothing,Blender,6,88.09,15,528.54,79.28099999999999,449.25899999999996,69.46,416.76,32.49899999999997,7.233911841498995
10396,2026-01-31,3068,West,Online,Electronics,Jeans,1,76.79,0,76.79,0.0,76.79,118.85,118.85,-42.05999999999999,-54.77275686938401
10397,2026-02-01,3238,North,In-Store,Clothing,Backpack,9,180.27,0,1622.43,0.0,1622.43,22.82,205.38,1417.0500000000002,87.34121040661232
10398,2026-02-02,3102,East,In-Store,Accessories,Backpack,6,196.2,20,1177.1999999999998,235.43999999999997,941.7599999999999,94.91,569.46,372.29999999999984,39.53236493374107
10399,2026-02-03,3717,South,Online,Accessories,Jeans,9,148.32,10,1334.8799999999999,133.488,1201.3919999999998,60.17,541.53,659.8619999999999,54.92478724679371
10400,2026-02-04,3450,South,In-Store,Home,Headphones,4,42.86,10,171.44,17.144000000000002,154.296,129.34,517.36,-363.064,-235.30357235443566
10401,2026-02-05,3908,South,In-Store,Electronics,Watch,2,201.66,0,403.32,0.0,403.32,62.46,124.92,278.4,69.02707527521571
10402,2026-02-06,3822,West,Online,Accessories,T-shirt,7,160.79,20,1125.53,225.106,900.424,32.38,226.66000000000003,673.7639999999999,74.82741464021393
10403,2026-02-07,3088,North,Online,Home,Backpack,8,164.16,5,1313.28,65.664,1247.616,54.95,439.6,808.016,64.76479942546425
10404,2026-02-08,3091,North,In-Store,Clothing,Headphones,8,138.32,10,1106.56,110.656,995.904,81.12,648.96,346.94399999999996,34.83709273182957
10405,2026-02-09,3439,South,Online,Accessories,Headphones,8,106.67,5,853.36,42.668000000000006,810.692,16.62,132.96,677.732,83.59919673562833
10406,2026-02-10,3016,West,In-Store,Home,T-shirt,9,205.32,10,1847.8799999999999,184.788,1663.0919999999999,130.25,1172.25,490.84199999999987,29.513821243803704
10407,2026-02-11,3494,West,In-Store,Electronics,Blender,9,136.41,0,1227.69,0.0,1227.69,99.43,894.8700000000001,332.81999999999994,27.109449453852353
10408,2026-02-12,3380,West,In-Store,Clothing,Watch,2,189.57,20,379.14,75.828,303.312,50.35,100.7,202.61200000000002,66.79986284749697
10409,2026-02-13,3645,East,Online,Clothing,Watch,2,133.98,0,267.96,0.0,267.96,93.17,186.34,81.61999999999998,30.459770114942526
10410,2026-02-14,3104,South,Online,Electronics,Blender,1,42.94,0,42.94,0.0,42.94,147.64,147.64,-104.69999999999999,-243.82859804378202
10411,2026-02-15,3605,West,Online,Home,Jeans,2,38.93,5,77.86,3.8930000000000002,73.967,92.41,184.82,-110.853,-149.86818446063785
10412,2026-02-16,3073,North,Online,Electronics,Headphones,7,17.43,10,122.00999999999999,12.201,109.809,63.91,447.37,-337.56100000000004,-307.40740740740745
10413,2026-02-17,3428,South,Online,Electronics,Backpack,8,82.85,10,662.8,66.28,596.52,103.81,830.48,-233.96000000000004,-39.22081405485148
10414,2026-02-18,3695,East,Online,Accessories,Backpack,1,41.33,15,41.33,6.1995,35.1305,114.66,114.66,-79.5295,-226.38305745719532
10415,2026-02-19,3295,West,In-Store,Home,Blender,7,203.96,5,1427.72,71.38600000000001,1356.334,104.56,731.9200000000001,624.414,46.0368906183875
10416,2026-02-20,3206,North,Online,Home,Watch,2,130.84,10,261.68,26.168000000000003,235.512,35.61,71.22,164.292,69.75950270049934
10417,2026-02-21,3966,North,In-Store,Clothing,T-shirt,2,147.21,20,294.42,58.88400000000001,235.536,8.03,16.06,219.476,93.18150940832824
10418,2026-02-22,3190,East,Online,Electronics,Blender,1,120.22,0,120.22,0.0,120.22,50.95,50.95,69.27,57.61936449841956
10419,2026-02-23,3386,West,Online,Home,Jeans,1,168.83,10,168.83,16.883000000000003,151.947,68.03,68.03,83.917,55.227809696802176
10420,2026-02-24,3549,North,In-Store,Clothing,Blender,4,135.77,15,543.08,81.462,461.61800000000005,125.54,502.16,-40.54199999999997,-8.782586467598744
10421,2026-02-25,3342,South,In-Store,Home,Backpack,5,234.23,20,1171.1499999999999,234.23,936.9199999999998,17.81,89.05,847.8699999999999,90.4954531870384
10422,2026-02-26,3241,South,Online,Electronics,Watch,8,212.0,15,1696.0,254.39999999999998,1441.6,127.33,1018.64,422.9599999999999,29.339622641509433
10423,2026-02-27,3814,South,Online,Clothing,Backpack,8,54.55,10,436.4,43.64,392.76,13.62,108.96,283.8,72.2578673999389
10424,2026-02-28,3265,West,Online,Home,Backpack,8,219.66,10,1757.28,175.728,1581.552,50.52,404.16,1177.3919999999998,74.44535494248686
10425,2026-03-01,3675,South,Online,Home,Blender,2,122.67,0,245.34,0.0,245.34,63.59,127.18,118.16,48.16173473546914
10426,2026-03-02,3527,North,Online,Clothing,Blender,1,242.37,5,242.37,12.118500000000001,230.2515,140.1,140.1,90.1515,39.153490856737086
10427,2026-03-03,3916,South,Online,Clothing,Headphones,4,153.54,0,614.16,0.0,614.16,142.61,570.44,43.719999999999914,7.11866614562979
10428,2026-03-04,3672,South,Online,Home,Jeans,6,10.02,15,60.12,9.017999999999999,51.102,10.9,65.4,-14.298000000000009,-27.979335446753574
10429,2026-03-05,3867,East,Online,Clothing,Jeans,8,12.15,15,97.2,14.58,82.62,33.41,267.28,-184.65999999999997,-223.50520455095614
10430,2026-03-06,3917,West,Online,Clothing,Watch,9,74.72,0,672.48,0.0,672.48,69.99,629.91,42.57000000000005,6.330299785867245
10431,2026-03-07,3198,West,Online,Accessories,T-shirt,9,207.58,10,1868.22,186.822,1681.3980000000001,44.5,400.5,1280.8980000000001,76.1805354829731
10432,2026-03-08,3468,West,In-Store,Accessories,Headphones,7,142.82,15,999.74,149.96099999999998,849.779,143.24,1002.6800000000001,-152.90100000000007,-17.99303112927009
10433,2026-03-09,3896,East,Online,Home,Backpack,1,29.68,10,29.68,2.968,26.712,93.76,93.76,-67.048,-251.0032943995208
10434,2026-03-10,3212,West,In-Store,Home,T-shirt,9,128.07,20,1152.6299999999999,230.52599999999998,922.1039999999999,52.35,471.15000000000003,450.9539999999999,48.904895760131176
10435,2026-03-11,3545,East,Online,Clothing,Watch,6,60.95,15,365.70000000000005,54.855000000000004,310.845,91.96,551.76,-240.91499999999996,-77.5032572503981
10436,2026-03-12,3533,North,Online,Electronics,Headphones,4,22.98,20,91.92,18.384,73.536,102.79,411.16,-337.624,-459.1275021758051
10437,2026-03-13,3834,North,In-Store,Clothing,Backpack,2,96.01,10,192.02,19.202,172.818,129.21,258.42,-85.602,-49.53303475332431
10438,2026-03-14,3267,North,In-Store,Electronics,Blender,2,54.08,5,108.16,5.408,102.752,133.69,267.38,-164.628,-160.21877919651197
10439,2026-03-15,3303,East,In-Store,Electronics,Sneakers,8,53.37,15,426.96,64.044,362.916,66.08,528.64,-165.724,-45.66456149632422
10440,2026-03-16,3139,West,Online,Accessories,Jeans,5,136.07,15,680.3499999999999,102.05249999999998,578.2974999999999,114.96,574.8,3.4974999999999454,0.6047925159627954
10441,2026-03-17,3036,North,Online,Home,Sneakers,5,188.95,20,944.75,188.95000000000002,755.8,146.16,730.8,25.0,3.307753373908442
10442,2026-03-18,3456,South,In-Store,Clothing,Backpack,9,248.42,20,2235.7799999999997,447.15599999999995,1788.6239999999998,82.4,741.6,1047.024,58.53795990660977
10443,2026-03-19,3749,West,Online,Electronics,Sneakers,4,178.41,0,713.64,0.0,713.64,111.08,444.32,269.32,37.73891598004596
10444,2026-03-20,3683,West,In-Store,Accessories,Blender,3,44.56,0,133.68,0.0,133.68,75.88,227.64,-93.95999999999998,-70.28725314183121
10445,2026-03-21,3765,East,Online,Electronics,Backpack,1,157.41,10,157.41,15.741,141.66899999999998,60.48,60.48,81.189,57.308938441013915
10446,2026-03-22,3711,North,Online,Home,Watch,1,55.89,15,55.89,8.3835,47.5065,34.49,34.49,13.0165,27.399408501994465
10447,2026-03-23,3821,South,Online,Home,Blender,6,90.17,10,541.02,54.102000000000004,486.918,18.22,109.32,377.598,77.54858107525293
10448,2026-03-24,3775,West,In-Store,Clothing,T-shirt,1,163.62,0,163.62,0.0,163.62,52.05,52.05,111.57000000000001,68.18848551521819
10449,2026-03-25,3405,North,Online,Clothing,Headphones,3,208.83,20,626.49,125.298,501.192,56.43,169.29,331.90200000000004,66.2225254992099
10450,2026-03-26,3126,East,Online,Clothing,Headphones,8,95.73,5,765.84,38.292,727.548,87.65,701.2,26.347999999999956,3.6214792700962626
10451,2026-03-27,3275,South,In-Store,Accessories,Sneakers,5,64.49,10,322.45,32.245,290.205,102.23,511.15000000000003,-220.94500000000005,-76.13411209317553
10452,2026-03-28,3999,South,In-Store,Clothing,Watch,6,36.11,15,216.66,32.498999999999995,184.161,108.06,648.36,-464.199,-252.06151139492076
10453,2026-03-29,3854,North,In-Store,Clothing,Jeans,8,146.4,5,1171.2,58.56,1112.64,116.53,932.24,180.4000000000001,16.21368996261145
10454,2026-03-30,3301,East,Online,Accessories,Headphones,9,242.0,10,2178.0,217.8,1960.2,87.98,791.82,1168.38,59.60514233241506
10455,2026-03-31,3434,West,Online,Clothing,Headphones,4,140.34,10,561.36,56.136,505.224,79.26,317.04,188.18399999999997,37.24763669184361
10456,2026-04-01,3227,South,Online,Electronics,Sneakers,3,17.73,20,53.19,10.638,42.552,93.7,281.1,-238.54800000000003,-560.6034968979131
10457,2026-04-02,3894,East,In-Store,Electronics,Backpack,7,83.99,20,587.93,117.586,470.34399999999994,106.87,748.09,-277.7460000000001,-59.05167281819267
10458,2026-04-03,3849,North,Online,Accessories,T-shirt,3,182.49,15,547.47,82.1205,465.34950000000003,127.61,382.83,82.51950000000005,17.732800830343653
10459,2026-04-04,3545,West,In-Store,Home,T-shirt,1,237.1,10,237.1,23.71,213.39,41.52,41.52,171.86999999999998,80.54266835371854
10460,2026-04-05,3776,West,In-Store,Electronics,Backpack,2,45.21,15,90.42,13.563,76.857,129.56,259.12,-182.263,-237.1456080773384
10461,2026-04-06,3884,West,Online,Home,Blender,3,216.93,20,650.79,130.158,520.632,33.71,101.13,419.50199999999995,80.57553127737059
10462,2026-04-07,3719,North,In-Store,Electronics,Headphones,4,196.4,20,785.6,157.12,628.48,7.52,30.08,598.4,95.21384928716904
10463,2026-04-08,3970,North,In-Store,Home,Sneakers,4,112.65,20,450.6,90.12,360.48,120.52,482.08,-121.59999999999997,-33.73280071016421
10464,2026-04-09,3786,West,Online,Home,T-shirt,1,234.67,15,234.67,35.2005,199.46949999999998,38.46,38.46,161.00949999999997,80.71885676757599
10465,2026-04-10,3987,North,In-Store,Clothing,Sneakers,8,137.75,0,1102.0,0.0,1102.0,126.59,1012.72,89.27999999999997,8.101633393829397
10466,2026-04-11,3443,South,Online,Accessories,Watch,1,91.89,5,91.89,4.5945,87.2955,56.73,56.73,30.565500000000007,35.01383232812689
10467,2026-04-12,3593,North,Online,Clothing,Jeans,7,110.62,5,774.34,38.717000000000006,735.623,56.16,393.12,342.50300000000004,46.55958282979189
10468,2026-04-13,3986,East,Online,Electronics,T-shirt,8,68.64,0,549.12,0.0,549.12,131.11,1048.88,-499.7600000000001,-91.01107226107229
10469,2026-04-14,3103,East,In-Store,Clothing,T-shirt,3,112.24,5,336.71999999999997,16.836,319.88399999999996,115.04,345.12,-25.236000000000047,-7.889109802303351
10470,2026-04-15,3896,West,In-Store,Electronics,Backpack,6,164.52,10,987.1200000000001,98.71200000000002,888.4080000000001,13.46,80.76,807.6480000000001,90.9095820839074
10471,2026-04-16,3584,South,In-Store,Accessories,Jeans,8,100.55,15,804.4,120.66,683.74,141.92,1135.36,-451.6199999999999,-66.0514230555474
10472,2026-04-17,3909,North,Online,Clothing,Sneakers,5,41.72,10,208.6,20.86,187.74,35.21,176.05,11.689999999999998,6.226696495152869
10473,2026-04-18,3152,South,Online,Accessories,Sneakers,5,231.01,5,1155.05,57.7525,1097.2975,101.65,508.25,589.0474999999999,53.68165880264924
10474,2026-04-19,3268,West,Online,Home,T-shirt,2,184.33,20,368.66,73.73200000000001,294.928,141.38,282.76,12.168000000000006,4.125752726089082
10475,2026-04-20,3689,North,Online,Clothing,T-shirt,6,52.43,5,314.58,15.729,298.851,127.14,762.84,-463.98900000000003,-155.2576367487477
10476,2026-04-21,3226,East,In-Store,Electronics,Sneakers,9,208.37,10,1875.33,187.53300000000002,1687.797,75.8,682.1999999999999,1005.5970000000001,59.5804471746306
10477,2026-04-22,3195,South,In-Store,Electronics,Headphones,5,238.13,20,1190.65,238.13000000000002,952.5200000000001,142.33,711.6500000000001,240.87,25.287658001931717
10478,2026-04-23,3124,North,In-Store,Electronics,T-shirt,3,77.52,15,232.56,34.884,197.676,104.43,313.29,-115.61400000000003,-58.48661446002552
10479,2026-04-24,3608,South,In-Store,Home,Sneakers,7,139.22,10,974.54,97.45400000000001,877.086,41.24,288.68,588.406,67.08646586537694
10480,2026-04-25,3730,South,Online,Accessories,Headphones,5,234.03,10,1170.15,117.01500000000001,1053.135,144.82,724.0999999999999,329.0350000000001,31.24338285215097
10481,2026-04-26,3337,West,Online,Electronics,Backpack,9,89.93,15,809.3700000000001,121.40550000000002,687.9645,87.25,785.25,-97.28549999999996,-14.14106396478306
10482,2026-04-27,3715,West,In-Store,Home,Jeans,6,97.2,5,583.2,29.160000000000004,554.0400000000001,51.74,310.44,243.60000000000008,43.96794455273989
10483,2026-04-28,3129,West,In-Store,Clothing,Headphones,5,54.43,15,272.15,40.8225,231.3275,68.01,340.05,-108.72250000000003,-46.999383990230314
10484,2026-04-29,3805,West,Online,Electronics,Sneakers,1,120.33,5,120.33,6.016500000000001,114.3135,33.13,33.13,81.18350000000001,71.01829617674204
10485,2026-04-30,3805,North,In-Store,Home,Blender,8,226.79,20,1814.32,362.86400000000003,1451.456,88.16,705.28,746.1759999999999,51.40879227479166
10486,2026-05-01,3950,South,Online,Accessories,Backpack,6,241.95,0,1451.6999999999998,0.0,1451.6999999999998,87.17,523.02,928.6799999999998,63.97189501963215
10487,2026-05-02,3496,South,Online,Clothing,T-shirt,4,48.13,0,192.52,0.0,192.52,28.15,112.6,79.92000000000002,41.51257012258468
10488,2026-05-03,3969,South,In-Store,Clothing,T-shirt,8,232.92,5,1863.36,93.168,1770.192,65.15,521.2,1248.992,70.55686614785289
10489,2026-05-04,3859,East,Online,Electronics,Sneakers,8,57.01,15,456.08,68.41199999999999,387.668,43.61,348.88,38.78800000000001,10.005468596840599
10490,2026-05-05,3723,East,Online,Accessories,Watch,6,220.77,0,1324.6200000000001,0.0,1324.6200000000001,134.86,809.1600000000001,515.46,38.913801694070756
10491,2026-05-06,3555,South,In-Store,Electronics,Headphones,6,200.99,20,1205.94,241.18800000000002,964.7520000000001,33.25,199.5,765.2520000000001,79.3211105030101
10492,2026-05-07,3178,West,In-Store,Clothing,T-shirt,1,17.32,15,17.32,2.598,14.722000000000001,93.21,93.21,-78.488,-533.1340850427931
10493,2026-05-08,3852,East,In-Store,Electronics,Jeans,9,99.41,10,894.6899999999999,89.469,805.221,97.82,880.3799999999999,-75.15899999999988,-9.333959248454757
10494,2026-05-09,3194,South,Online,Clothing,Headphones,1,79.66,5,79.66,3.983,75.67699999999999,92.54,92.54,-16.863000000000014,-22.282860049949146
10495,2026-05-10,3111,South,In-Store,Accessories,T-shirt,4,213.83,20,855.32,171.06400000000002,684.2560000000001,59.1,236.4,447.8560000000001,65.45152691390358
10496,2026-05-11,3136,South,In-Store,Clothing,Sneakers,1,67.5,0,67.5,0.0,67.5,40.47,40.47,27.03,40.044444444444444
10497,2026-05-12,3762,East,Online,Home,Jeans,5,120.59,10,602.95,60.29500000000001,542.6550000000001,6.2,31.0,511.6550000000001,94.28734647243645
10498,2026-05-13,3574,West,Online,Home,Jeans,3,182.53,20,547.59,109.51800000000001,438.072,34.68,104.03999999999999,334.03200000000004,76.25047937325373
10499,2026-05-14,3084,South,In-Store,Home,Watch,1,249.83,15,249.83,37.4745,212.3555,123.04,123.04,89.3155,42.059423937689395
10500,2026-05-15,3313,South,In-Store,Accessories,Blender,7,97.16,20,680.12,136.024,544.096,45.31,317.17,226.926,41.706978180321116
